-- phpMyAdmin SQL Dump
-- version 5.2.0
-- https://www.phpmyadmin.net/
--
-- Host: 127.0.0.1
-- Generation Time: May 09, 2023 at 09:47 PM
-- Server version: 10.4.27-MariaDB
-- PHP Version: 8.1.12

SET SQL_MODE = "NO_AUTO_VALUE_ON_ZERO";
START TRANSACTION;
SET time_zone = "+00:00";


/*!40101 SET @OLD_CHARACTER_SET_CLIENT=@@CHARACTER_SET_CLIENT */;
/*!40101 SET @OLD_CHARACTER_SET_RESULTS=@@CHARACTER_SET_RESULTS */;
/*!40101 SET @OLD_COLLATION_CONNECTION=@@COLLATION_CONNECTION */;
/*!40101 SET NAMES utf8mb4 */;

--
-- Database: `aqaba_homes`
--

-- --------------------------------------------------------

--
-- Table structure for table `contacts`
--

CREATE TABLE `contacts` (
  `id` bigint(20) UNSIGNED NOT NULL,
  `first_name` varchar(255) NOT NULL,
  `last_name` varchar(255) NOT NULL,
  `email` varchar(255) NOT NULL,
  `message` longtext NOT NULL,
  `phone` int(11) NOT NULL,
  `created_at` timestamp NULL DEFAULT NULL,
  `updated_at` timestamp NULL DEFAULT NULL
) ENGINE=InnoDB DEFAULT CHARSET=utf8mb4 COLLATE=utf8mb4_unicode_ci;

--
-- Dumping data for table `contacts`
--

INSERT INTO `contacts` (`id`, `first_name`, `last_name`, `email`, `message`, `phone`, `created_at`, `updated_at`) VALUES
(1, 'Asem', 'Yassen', 'asem@yahoo.com', 'الموقع عندي معلق و مش راضي يضيف اي شقة, هل المشكلة من عندي ولا من عندكم ؟', 778079491, '2023-05-03 04:16:39', '2023-05-03 04:16:39'),
(3, 'Amro', 'Shandaq', 'amro@yahoo.com', 'افضل موووووقع بصراحة', 778079495, '2023-05-03 04:19:12', '2023-05-03 04:19:12'),
(4, 'Talab', 'Yassen', 'talab@yahoo.com', 'عندي مشكلة بالتسجيل , ممكن تساعدوني ؟', 778079499, '2023-05-03 04:26:24', '2023-05-03 04:26:24'),
(5, 'Ahmad', 'Zaitoun', 'ahmad@yahoo.com', 'سجلت بايميل من قبل و نسيت ايش هو , و عليه اعلانات بدي احذفهم .. كيف ممكن اقدر ادخل ؟', 778079496, '2023-05-03 04:35:39', '2023-05-03 04:35:39'),
(6, 'abdelmajied', 'akram', 'abdelmajied_a@yahoo.com', 'Thanks for this Website.', 778079497, '2023-05-07 04:13:24', '2023-05-07 04:13:24'),
(7, 'Test', 'Test', 'test@test.test', 'Helllllllloooooooo', 777777777, '2023-05-09 05:02:14', '2023-05-09 05:02:14');

-- --------------------------------------------------------

--
-- Table structure for table `failed_jobs`
--

CREATE TABLE `failed_jobs` (
  `id` bigint(20) UNSIGNED NOT NULL,
  `uuid` varchar(255) NOT NULL,
  `connection` text NOT NULL,
  `queue` text NOT NULL,
  `payload` longtext NOT NULL,
  `exception` longtext NOT NULL,
  `failed_at` timestamp NOT NULL DEFAULT current_timestamp()
) ENGINE=InnoDB DEFAULT CHARSET=utf8mb4 COLLATE=utf8mb4_unicode_ci;

-- --------------------------------------------------------

--
-- Table structure for table `favorites`
--

CREATE TABLE `favorites` (
  `id` bigint(20) UNSIGNED NOT NULL,
  `user_id` bigint(20) UNSIGNED NOT NULL,
  `item_id` bigint(20) UNSIGNED NOT NULL,
  `created_at` timestamp NULL DEFAULT NULL,
  `updated_at` timestamp NULL DEFAULT NULL
) ENGINE=InnoDB DEFAULT CHARSET=utf8mb4 COLLATE=utf8mb4_unicode_ci;

-- --------------------------------------------------------

--
-- Table structure for table `images`
--

CREATE TABLE `images` (
  `id` bigint(20) UNSIGNED NOT NULL,
  `image` varchar(255) NOT NULL,
  `item_id` bigint(20) UNSIGNED NOT NULL,
  `created_at` timestamp NULL DEFAULT NULL,
  `updated_at` timestamp NULL DEFAULT NULL
) ENGINE=InnoDB DEFAULT CHARSET=utf8mb4 COLLATE=utf8mb4_unicode_ci;

--
-- Dumping data for table `images`
--

INSERT INTO `images` (`id`, `image`, `item_id`, `created_at`, `updated_at`) VALUES
(1, '4abe2d29becc490d8a128c5ed3fb3dc501cf4f269ac5834004f23fcdbc05e010.jpg', 3, '2023-04-05 19:27:03', '2023-04-05 19:27:03'),
(2, '4b5e814e776a9564d435ffbb8e2e5fabb515842bc1cf1ba426ddb5036df45ed6.jpg', 3, '2023-04-05 19:27:03', '2023-04-05 19:27:03'),
(3, '4e81528b2060f5683f072fd58551fb338aa8805a9c341d5ce2b008f558fe1672.jpg', 3, '2023-04-05 19:27:03', '2023-04-05 19:27:03'),
(4, '20cad86bae27e51f5d072b1f3fd80966c0b6987420831e9934af5cb1764e073a.jpg', 3, '2023-04-05 19:27:03', '2023-04-05 19:27:03'),
(5, '850d4ab4f173f7330367fc5147a253dc2c9362b9b43d9c2caa879c9abb0f5767.jpg', 3, '2023-04-05 19:27:03', '2023-04-05 19:27:03'),
(6, '29685074fd0887fa6062da2070ab352eb214668c059ff4240772b8758d0101c4.jpg', 3, '2023-04-05 19:27:03', '2023-04-05 19:27:03'),
(7, 'b6261eb75f1d08fb6eceac12d72e3422218eec997f2b7aa358a0cd4f0856dae0.jpg', 3, '2023-04-05 19:27:03', '2023-04-05 19:27:03'),
(8, 'c27c01150a3f2d8020142e972798511e5ef6ae001fe1d6c6e718b79b366ea321.jpg', 3, '2023-04-05 19:27:03', '2023-04-05 19:27:03'),
(17, '00c5b98f70e7b92c004b83a016ea3601a05fa763aaa88aa4b8311012ee984362.jpg', 5, '2023-04-05 19:34:08', '2023-04-05 19:34:08'),
(18, '0b3739a4a4cc9fc2926afcbeaa4fd25d053bf59faaa99ad6c92ca197ae245c6d.jpg', 5, '2023-04-05 19:34:08', '2023-04-05 19:34:08'),
(19, '5e1ae5bf32a9b8d995a56310ab8d1fb83c93eec75f578bbd2717ce9078f04b2f.jpg', 5, '2023-04-05 19:34:08', '2023-04-05 19:34:08'),
(20, '7bf7ac3b73f252577ba0720340997fd20b2c6dd968d890876c689a5f212b7971.jpg', 5, '2023-04-05 19:34:08', '2023-04-05 19:34:08'),
(21, '9d1cb4e30a02f751df5f32dfb9633057d882c79b852f985725ec79c19f625571.jpg', 5, '2023-04-05 19:34:08', '2023-04-05 19:34:08'),
(22, '30b6f39558a94e5b67e19b1c18162d88d49765a68e7733a91a307bb49879357c.jpg', 5, '2023-04-05 19:34:08', '2023-04-05 19:34:08'),
(23, '033b1b5664c3cffbebe69c1f8096b5ca6d026475e7183ce74ac2385b88334912.jpg', 5, '2023-04-05 19:34:08', '2023-04-05 19:34:08'),
(24, '62eff8b079f1f1d63b2e015da839a1c6d8dc05bd9a4eb0043ed9a5628277f388.jpg', 5, '2023-04-05 19:34:08', '2023-04-05 19:34:08'),
(25, '47268d2750dcfa9fc8d1ede1974052bff6dba7de71709dabbf88b18769e8fa4f.jpg', 5, '2023-04-05 19:34:08', '2023-04-05 19:34:08'),
(26, 'a9d4d458c0c57b450e532ab760028700089e3ee5e3843410602a1db2304a0a44.jpg', 5, '2023-04-05 19:34:08', '2023-04-05 19:34:08'),
(27, 'ae519cd7c551457bfa0d8f1515d3c1ff4b5f850ae549f79fc09cde8bab2ef125.jpg', 5, '2023-04-05 19:34:08', '2023-04-05 19:34:08'),
(28, 'b8a971be91a6279c8b27067c7de4abafeb750c45f6e8fd9ad2242386d79ff795.jpg', 5, '2023-04-05 19:34:08', '2023-04-05 19:34:08'),
(29, 'b98dfcfeeb0ef5561841238386e16fe035d03da118dcc9c3045c16bba1efa2d7.jpg', 5, '2023-04-05 19:34:08', '2023-04-05 19:34:08'),
(30, 'd282ff3832f7f958eec55291e84e3d2f1f8bbfcaba32f6fd9134d20cffc62825.jpg', 5, '2023-04-05 19:34:08', '2023-04-05 19:34:08'),
(31, 'e9890b9b41031ffdd55520f5ba230af248bd84aea3998f273037ea0ae1d69ef7.jpg', 5, '2023-04-05 19:34:08', '2023-04-05 19:34:08'),
(32, 'ee2bbfffa6085f6d9d88c2ab55661d5bd317aedcc2ff42d769c86805d9cfbf9a.jpg', 5, '2023-04-05 19:34:08', '2023-04-05 19:34:08'),
(33, 'f0cba9108d66121a2c3a630e4f7f86d29de3d1803bb158b63644f26a13d6d25a.jpg', 5, '2023-04-05 19:34:08', '2023-04-05 19:34:08'),
(34, 'feb2ed77e21ca7aa0a10ab0d257e15eb3194d0dddd38725df19cc187dd8b0229.jpg', 5, '2023-04-05 19:34:08', '2023-04-05 19:34:08'),
(40, '0008e32a0db03a41b34e3a62ff0bb07bbd6dc8f33f79f359fc6acb141c4b5c08.jpg', 7, '2023-04-05 19:42:59', '2023-04-05 19:42:59'),
(41, '99ace1eaa92a4fe0213c819c85424b108b55172376736b69874f78a4a5f46289.jpg', 7, '2023-04-05 19:42:59', '2023-04-05 19:42:59'),
(42, '614aa388421d6e114effc822f87d2bcbcc4e44b661c52bdfce96c890309f85d4.jpg', 7, '2023-04-05 19:42:59', '2023-04-05 19:42:59'),
(43, '983d92042ddb76b640419dc2561d462af707269cdc00cfb71b7b0eb7e76bfb47.jpg', 7, '2023-04-05 19:42:59', '2023-04-05 19:42:59'),
(44, '83981a1d3fdd733e55e4a7e8856b36bb92e8f0815c15f91fdb87e881acee8829.jpg', 7, '2023-04-05 19:42:59', '2023-04-05 19:42:59'),
(45, '96655b0afd4ee0ebb0925ec35b98a573a238342088c971cfe2a02e8114b0833d.jpg', 7, '2023-04-05 19:42:59', '2023-04-05 19:42:59'),
(46, '1470766fcafc90a27b4710ae08f5c83641c531bbe5cbccc5d6ffd69158faca3c.jpg', 7, '2023-04-05 19:42:59', '2023-04-05 19:42:59'),
(47, 'f4625e38ee3b5151ae170a4c9a17cb5a538a6daf3fb97715ae83cdec7fabd894.jpg', 7, '2023-04-05 19:42:59', '2023-04-05 19:42:59'),
(48, '0dadc515fe18142bf34d6b899e7ac47eec178827233c0fa6db112a2d66d38f84.jpg', 8, '2023-04-05 19:55:53', '2023-04-05 19:55:53'),
(49, '1c6ec5f83b9558c1a0442e27d6c100d6752258696193f94a5bb4afe239b0cf0e.jpg', 8, '2023-04-05 19:55:53', '2023-04-05 19:55:53'),
(50, '1e71c1a1d6bc8e77f433fbf62e05af5b55cc391cf827abd37b20632474e0bb85.jpg', 8, '2023-04-05 19:55:53', '2023-04-05 19:55:53'),
(51, '5af7526a4fa694f74e339f1c882e497beee2ad58886b64707dd92895576c2d50.jpg', 8, '2023-04-05 19:55:53', '2023-04-05 19:55:53'),
(52, '7f3497e2e14352ba922d14e3d3592eaf1949e398aaa2ae290edfada085f4ef49.jpg', 8, '2023-04-05 19:55:53', '2023-04-05 19:55:53'),
(53, '9c8aad8794442f0760a095734a2ab8b6fb04fd08ae119d71c017a319c1f9954e.jpg', 8, '2023-04-05 19:55:53', '2023-04-05 19:55:53'),
(54, '6654a5275c25349316d88c9066c9059e7c1e636c902fdbbab623da974db534c9.jpg', 8, '2023-04-05 19:55:53', '2023-04-05 19:55:53'),
(55, '38350eb41a31fe4a8e8af059d74ecb4f49025ec81edbc7cc8a9ff8b4920b0312.jpg', 8, '2023-04-05 19:55:53', '2023-04-05 19:55:53'),
(56, '64551cf2dd8745a41534348798eecea6f231086b0f5d33cda122804c15fccb8e.jpg', 8, '2023-04-05 19:55:53', '2023-04-05 19:55:53'),
(57, '0f92c52f2aaee14c4f73a12e880456b3322ba9d4cbef215c42b90256526bd787.jpg', 9, '2023-04-05 19:57:55', '2023-04-05 19:57:55'),
(58, '2b884b52c85c1050a4a01415bafe680aaed748ffc91cab1a597aedc7275b6afb.jpg', 9, '2023-04-05 19:57:55', '2023-04-05 19:57:55'),
(59, '2e9c52e21d2b8af4458a3af30909859bf21fe470e9519d9c527739d46e7ab7f2.jpg', 9, '2023-04-05 19:57:55', '2023-04-05 19:57:55'),
(60, '8d1c2ae34781c4b85e1b6044578e806a345d31a99c68d618781b9cf64e85cdbb.jpg', 9, '2023-04-05 19:57:55', '2023-04-05 19:57:55'),
(61, '8e3de77a78ff9475d34ef2146eb9720e42999bdf6c460d09add3fc61097d9bb3.jpg', 9, '2023-04-05 19:57:55', '2023-04-05 19:57:55'),
(62, '8ff08be1cebf92e9dd042b82e52832e4aac17afb126cd1ddcb34b4ac3a584019.jpg', 9, '2023-04-05 19:57:55', '2023-04-05 19:57:55'),
(63, '56f097fa9e78c1c55611d9c8b2b7379d4a4ab76978cdd7e70bab96b7d1ec78bb.jpg', 9, '2023-04-05 19:57:55', '2023-04-05 19:57:55'),
(64, '85bbf2100e5bafbd0ea6731cc36eb567d5e7b4af5e763696f4966ecb43cfcae4.jpg', 9, '2023-04-05 19:57:55', '2023-04-05 19:57:55'),
(65, '92cee4cc0c793db51fe312d8b9c037ebba0fa9ca2338b1ddb79fd833322356b3.jpg', 9, '2023-04-05 19:57:55', '2023-04-05 19:57:55'),
(66, '309aeb357dea9dca33dc21591d2454dad288cb4efe89209c57df5ea327f0292a.jpg', 9, '2023-04-05 19:57:55', '2023-04-05 19:57:55'),
(67, '567f513e8856dafa7f26dc00511002ef08a10656e6ed7b8a1261e7a477f3496b.jpg', 9, '2023-04-05 19:57:55', '2023-04-05 19:57:55'),
(68, '5377798fab4208013438fed795ffffd2bed49e9f8aab59b3d59156f5353f3f04.jpg', 9, '2023-04-05 19:57:55', '2023-04-05 19:57:55'),
(69, '6653003bc03758dbe3988313d324c70ff552d557f5914642afee6a843aa86cd4.jpg', 9, '2023-04-05 19:57:55', '2023-04-05 19:57:55'),
(70, '26774771e65fd5a5b289bc9401bcfbbdaa509b824cfbf3ac44cec2994b9bea6e.jpg', 9, '2023-04-05 19:57:55', '2023-04-05 19:57:55'),
(71, 'b266652c8f21d9bb686144387213cff408e80213e3169f2adbd3e75e17c1dfd1.jpg', 9, '2023-04-05 19:57:56', '2023-04-05 19:57:56'),
(72, 'e30caceb161d6409b3a8acd9c88e115223e38d5a4271d0af00d829f5f7e3c0a6.jpg', 9, '2023-04-05 19:57:56', '2023-04-05 19:57:56'),
(73, 'ed9059d057053cc73285d864812022f52c4a87d96f1e3d79e972639f86ed6909.jpg', 9, '2023-04-05 19:57:56', '2023-04-05 19:57:56'),
(74, 'eebbabf7a65d2d075cc7bd1487cf0a93de133c80688302d422b54752649d4d07.jpg', 9, '2023-04-05 19:57:56', '2023-04-05 19:57:56'),
(75, '9ff1da89aebf24aa8af08752e7c98db04551d7aac5d744b1309b08b707434302.jpg', 10, '2023-04-05 20:00:38', '2023-04-05 20:00:38'),
(76, '26acafaf25c30234cd35178d776a44ebfa8dbe7de156603e87a840c555de89f1.jpg', 10, '2023-04-05 20:00:38', '2023-04-05 20:00:38'),
(77, '33a6dd9ba514bfbaeac929e801053ff3a124229f9465917af0af728a40a167ed.jpg', 10, '2023-04-05 20:00:38', '2023-04-05 20:00:38'),
(78, '79d711f6b807294ab43cb0042331fb4de002ff3bd1517d73a61b5789af2de0c7.jpg', 10, '2023-04-05 20:00:38', '2023-04-05 20:00:38'),
(79, '90bd6104439073727696730e76122742ea979c632f221ff3817f6481d747c6d6.jpg', 10, '2023-04-05 20:00:38', '2023-04-05 20:00:38'),
(80, '171d5dbd5ee2843054fb23c1ab85558ae03c5a062e6f9f29ed533a48632bd4b6.jpg', 10, '2023-04-05 20:00:38', '2023-04-05 20:00:38'),
(81, 'ae0e7c6e0d30bf1150ba54ec08230d1ff23e7b00d06e5e40f1f3fbf0f0416eb6.jpg', 10, '2023-04-05 20:00:38', '2023-04-05 20:00:38'),
(82, 'e45cf795f6d9271069ca15169c875cafe0edac46141ba290a52012d77f5e841b.jpg', 10, '2023-04-05 20:00:38', '2023-04-05 20:00:38'),
(83, 'f9b72ebd5ad87d543b3d4132fbabdffbc6ede004a22b137f02b314aa90fd8d2c.jpg', 10, '2023-04-05 20:00:38', '2023-04-05 20:00:38'),
(84, 'f279c18d9cee3c0fd6a4a15b06b705a5d5f83fe4b05295a334b60575953af3c2.jpg', 10, '2023-04-05 20:00:38', '2023-04-05 20:00:38'),
(85, '1f22eb749b81104d79ebafaf3b1e51f8f83588236618b4e92a3eba4255d0e422.jpg', 11, '2023-04-05 20:03:31', '2023-04-05 20:03:31'),
(86, '5eb11719727affeaeadffbff30cb5c73c36a20a4c44bd34ab8f2496cceec8e20.jpg', 11, '2023-04-05 20:03:31', '2023-04-05 20:03:31'),
(87, '8a6e8cbf5d858de919140364c93f2deab390ecac96ce663e5bbdb5afd647ebbb.jpg', 11, '2023-04-05 20:03:31', '2023-04-05 20:03:31'),
(88, '13bd6c20f98a45c168cdf33551486d3666ef9911712b1f07eed8a6541fa6e6b4.jpg', 11, '2023-04-05 20:03:31', '2023-04-05 20:03:31'),
(89, '8049dfdafdce3732d292a9430892ef42be993de85769a25476bd2a88b77bccc4.jpg', 11, '2023-04-05 20:03:31', '2023-04-05 20:03:31'),
(90, '59429e78f97d4a13f9e5e73a5455c7e356d57e394d358de80118e5e0ae9de142.jpg', 11, '2023-04-05 20:03:31', '2023-04-05 20:03:31'),
(91, '98359ede64c9b7d254fe5710ad7c84280f965951c1ba5894cfa38a520b41c8a3.jpg', 11, '2023-04-05 20:03:31', '2023-04-05 20:03:31'),
(92, 'a5238b570f2dc03d0b77f8c0b5b631495cf8820a2b291176c4100311a8ee51f5.jpg', 11, '2023-04-05 20:03:31', '2023-04-05 20:03:31'),
(93, 'b081ea95d65991b3c10f97079c1771571c4f48ef841466f70fea0cc76e144d13.jpg', 11, '2023-04-05 20:03:31', '2023-04-05 20:03:31'),
(94, 'df4e824508a5731a6df266bfc69f5d9f12d2bc2dbb20711280d3faf4306f4214.jpg', 11, '2023-04-05 20:03:31', '2023-04-05 20:03:31'),
(95, 'e61ccab7d00059da5ea990d225bf5379c0658dc84b7aff1883ac0bc8a1228e64.jpg', 11, '2023-04-05 20:03:31', '2023-04-05 20:03:31'),
(96, '04d0527d1cbed776048874a811b8918b013c64a9c2b6671f102643015d68b06f.jpg', 12, '2023-04-05 20:10:49', '2023-04-05 20:10:49'),
(97, '66a68a51a42ecea0a944e878e4cd8073e2005c087ce9d76d9ab5a9e9929b85ae.jpg', 12, '2023-04-05 20:10:49', '2023-04-05 20:10:49'),
(98, '82fd5bc05ffaa8e99d2a6b0babd083c152040aa59d7d7c7ca2c75b5febd7d931.jpg', 12, '2023-04-05 20:10:49', '2023-04-05 20:10:49'),
(99, '0476f06f4fd8758b75a58e2e3e0e84d87ea88156fcac302f9231f501332b78bd.jpg', 12, '2023-04-05 20:10:49', '2023-04-05 20:10:49'),
(100, '5551f383d0a0bc532f568426bb7719dc27eabffa143a6f0bc00029fc47a706c6.jpg', 12, '2023-04-05 20:10:49', '2023-04-05 20:10:49'),
(101, '40913e79d209626db80bb5cda09903a2eec1514a140ff51889271d09fec6c948.jpg', 12, '2023-04-05 20:10:49', '2023-04-05 20:10:49'),
(102, 'bd22f51a28537ace5cd97a8db7b4a8b83b52774a72fa0d6f4a98f999fe884c23.jpg', 12, '2023-04-05 20:10:49', '2023-04-05 20:10:49'),
(103, 'c484541a32a76399a6ffde2a6b014ee8248b59591b76263328e5b7b029d469da.jpg', 12, '2023-04-05 20:10:49', '2023-04-05 20:10:49'),
(104, 'cc74f7c8146eae241498806fd23a6c75ad55a0b9cf4f280bd2afcb43a3c329a4.jpg', 12, '2023-04-05 20:10:49', '2023-04-05 20:10:49'),
(105, '8f8697c69e5684c58041da19aec28156216031281a189539153febae3d018731.jpg', 13, '2023-04-05 20:16:48', '2023-04-05 20:16:48'),
(106, '630fb58a49662c98ed7e56418325d5e7722192a93386f2569955c756901f67d3.jpg', 13, '2023-04-05 20:16:48', '2023-04-05 20:16:48'),
(107, 'b67a69fb79c19a6769eb6fb89bfa2b032d17f06ce4a3d27cdd41d7298e608137.jpg', 13, '2023-04-05 20:16:48', '2023-04-05 20:16:48'),
(108, 'be0f156cdac59be90197717e9dd333bc1b11079872b6dd0e3b37c2be6009e067.jpg', 13, '2023-04-05 20:16:48', '2023-04-05 20:16:48'),
(109, 'e83ae037e16acb3a45f705c1f805891ea7208c9d1c6c4f5e67e78c6141846dc4.jpg', 13, '2023-04-05 20:16:48', '2023-04-05 20:16:48'),
(110, 'f37025c80347a7f0cc7957fbffbfce6160176fddb5acfcc35944b2a366c8e284.jpg', 13, '2023-04-05 20:16:48', '2023-04-05 20:16:48'),
(111, '2ae836b92b40a58754f46a58f7b14ea0db9b180bbf968a0ddca1626732586613.jpg', 14, '2023-04-05 20:21:20', '2023-04-05 20:21:20'),
(112, '2f9d0bd44c56c5a47323b49cdf5798f47d876a7bbb66b82e018df635bc97e5b5.jpg', 14, '2023-04-05 20:21:20', '2023-04-05 20:21:20'),
(113, '7b66951ab13155a13ff628810acd7cb68b1e6d8707f6827ae6b3ee21ae075f62.jpg', 14, '2023-04-05 20:21:20', '2023-04-05 20:21:20'),
(114, '8c1d483515958d277ab04f1c503c0682ca360726d996577e6626f68f01aef070.jpg', 14, '2023-04-05 20:21:20', '2023-04-05 20:21:20'),
(115, '8c0951677af12ac9a97d5dcec4a9c99b1405f58fe8ac25bdbc78999f672cc5d7.jpg', 14, '2023-04-05 20:21:20', '2023-04-05 20:21:20'),
(116, '18ec8334fb5abac6ff78e8a851bc79f09c151b9da62a8d7cfc24ec95ef334c85.jpg', 14, '2023-04-05 20:21:20', '2023-04-05 20:21:20'),
(117, '95d0a90f4996eb2a40433e014e3595c9f62757a1ecb404b3c1b43ce10ebfa911.jpg', 14, '2023-04-05 20:21:20', '2023-04-05 20:21:20'),
(118, '166ac6f48271a65a299b56d73ebc9fbd4134f10ea92d92e1e3dbf7c9205fc6d4.jpg', 14, '2023-04-05 20:21:20', '2023-04-05 20:21:20'),
(119, '186d9c67287bb00e075cf7e117b04ffd8d4b1fbdbc19cf776e50720a5eca4a5c.jpg', 14, '2023-04-05 20:21:20', '2023-04-05 20:21:20'),
(120, '436c1f8265766545be52b4ad9c2964913e60075d2dcf6394e9d7f9168e01c941.jpg', 14, '2023-04-05 20:21:20', '2023-04-05 20:21:20'),
(121, '7705d31b5b52293d2aecd6ef7177c45fccf51d7f39b166b6436f29f5564c78a1.jpg', 14, '2023-04-05 20:21:20', '2023-04-05 20:21:20'),
(122, '84260bc5f979c7b0f30ec1fae6db9bf5491cb183638e66293a08c1a36f976ec8.jpg', 14, '2023-04-05 20:21:20', '2023-04-05 20:21:20'),
(123, '945134de157b3b0bd09ae789e1c925993c817d87981b10e8913ef5f66514e927.jpg', 14, '2023-04-05 20:21:20', '2023-04-05 20:21:20'),
(124, 'bb6a2a516cac990ec89e745e679e500f58b72ca4ebec114a9f07f2e644c7751a.jpg', 14, '2023-04-05 20:21:20', '2023-04-05 20:21:20'),
(125, 'c3788a0c67e0bbf58efaace88093d5d75f611732d3d100ffc59463c2efc88a35.jpg', 14, '2023-04-05 20:21:20', '2023-04-05 20:21:20'),
(126, 'c87833f4ea69fdf75100812ab57b393e125fb7613900e37ed328e6bf07d809b9.jpg', 14, '2023-04-05 20:21:20', '2023-04-05 20:21:20'),
(127, 'd3aa0f919d1e220baa17fdde5d5f32a2fbbd6d4f2f37663e491bab50c323654b.jpg', 14, '2023-04-05 20:21:20', '2023-04-05 20:21:20'),
(128, 'd8c12f91761dd26a3e742f0a688b8c735aafd080904022c350ff94cab7f32dd9.jpg', 14, '2023-04-05 20:21:20', '2023-04-05 20:21:20'),
(129, 'df6541642953854ec66238bb7337b59daff177107db0b5ab4ab9293e005304aa.jpg', 14, '2023-04-05 20:21:20', '2023-04-05 20:21:20'),
(130, '3f1653c118001f683f54c9b29f36c1f2a6cce411676c1cf58fbda99e4d7f9759.jpg', 15, '2023-04-05 20:23:10', '2023-04-05 20:23:10'),
(131, '302be07b6ce54fb7eb55215083d007b4043fa737a55549da102a4cc41ca42889.jpg', 15, '2023-04-05 20:23:10', '2023-04-05 20:23:10'),
(132, '325b3b9a248d7bd1a3f7117222874956c01b350b71c469f3a69d4c8763f0c2a5.jpg', 15, '2023-04-05 20:23:10', '2023-04-05 20:23:10'),
(133, '7546b0774aab08fee7859d687f29b390959db3217fbe1d56ea835dde76b3b19e.jpg', 15, '2023-04-05 20:23:10', '2023-04-05 20:23:10'),
(134, '901182f5a5578f5237ec611fee39da448e8600efdea15081554eb2c31b5e1ffc.jpg', 15, '2023-04-05 20:23:10', '2023-04-05 20:23:10'),
(135, '39867559a3103c807c5a5d3a1465ef4a8d70ec1c010a12e9f82b22dbebfa7b40.jpg', 15, '2023-04-05 20:23:10', '2023-04-05 20:23:10'),
(136, 'd1b918ab0ec81e522bbefaf2d832303256860d24fa1e969e3e4b79eb6a2ad57a.jpg', 15, '2023-04-05 20:23:10', '2023-04-05 20:23:10'),
(137, 'dac340f1b90166c90a02c087dbfdbe5f1d997348723b86d424cc0e177d1042d6.jpg', 15, '2023-04-05 20:23:10', '2023-04-05 20:23:10'),
(138, 'e8eb0e988403a7564968f483afe96f23d73f017de890d4ff2be8c0c6639710f5.jpg', 15, '2023-04-05 20:23:10', '2023-04-05 20:23:10'),
(158, '8cb3b90a9ec3bbb6318f7f3df9e30f23a98bf0e6cb3a5e631ccc7f7c6f589802.jpg', 18, '2023-04-05 20:30:18', '2023-04-05 20:30:18'),
(159, '29e8d23dfb936c0d07be884e1983852c533e0348da05f22ba7af406144c4dc06.jpg', 18, '2023-04-05 20:30:18', '2023-04-05 20:30:18'),
(160, '686d53eeb20198f92ceda68319474dfcccc6eaf4c1aa9353cd836dc2f03f0e21.jpg', 18, '2023-04-05 20:30:18', '2023-04-05 20:30:18'),
(161, '9278fdf62e22d68c7010dc02a238fd1ed56569aed221d5c69dd883252f0899c3.jpg', 18, '2023-04-05 20:30:18', '2023-04-05 20:30:18'),
(162, '33619c9a2d396475c2f33f9c0f3cb9a767fc60a2e4b8d5080f8d02ab5201ea96.jpg', 18, '2023-04-05 20:30:18', '2023-04-05 20:30:18'),
(163, 'c56ce3af75139f6c3f5f6383f4c33fc9c284749289c72826e6c9bf8e04b89b9e.jpg', 18, '2023-04-05 20:30:18', '2023-04-05 20:30:18'),
(164, 'cdeb17acc6043ba3bf0df22df11b62fcd161c9674f73396882a2ecfc46575b3d.jpg', 18, '2023-04-05 20:30:18', '2023-04-05 20:30:18'),
(165, 'e8d155d2ba5cd8911606185f0a7438ca833f28d4893972288b6f453433d4efbb.jpg', 18, '2023-04-05 20:30:18', '2023-04-05 20:30:18'),
(166, 'e9bc74852f7fe5c57bbb7e3c5860b76fb98ed11414bee41ecd3eeca1000c3976.jpg', 18, '2023-04-05 20:30:18', '2023-04-05 20:30:18'),
(167, 'f0ec2e3ed6aceb6dba7bee5409ec86d4134fd6abfdf98f1bc0010cd53e41d92b.jpg', 18, '2023-04-05 20:30:18', '2023-04-05 20:30:18'),
(168, '6c4bc601eb5320795c77307467284bed0204bcecae27861aff36ca7b44261c00.jpg', 19, '2023-04-05 20:33:13', '2023-04-05 20:33:13'),
(169, '6d6c62aa3a893a77ebb3cef9e92ed410f39c99894c6193379d374813ad94ae32.jpg', 19, '2023-04-05 20:33:13', '2023-04-05 20:33:13'),
(170, '7bd81f0f88710314b4270a7f510dfcd5e10122f7e50690ca1125b01286c2bb31.jpg', 19, '2023-04-05 20:33:13', '2023-04-05 20:33:13'),
(171, '22d8a25fa1a752530f7837424cd04d12ad3d273e9b4f21d0698da380ba4e4d76.jpg', 19, '2023-04-05 20:33:13', '2023-04-05 20:33:13'),
(172, '382c555a8da373ee2be359ef65bc83ae629480610b989af32fd83e8f8e1780c6.jpg', 19, '2023-04-05 20:33:13', '2023-04-05 20:33:13'),
(173, '0440a13cf0cabe5801b36a7655ce02104a06253fddf083b1ada32999392b3330.jpg', 19, '2023-04-05 20:33:13', '2023-04-05 20:33:13'),
(174, '6323f4c4cb1920e160b8c03187e2a48650f7ca489fff35b89126dada1d192f1c.jpg', 19, '2023-04-05 20:33:13', '2023-04-05 20:33:13'),
(175, 'c8bab8d7e51b293a1ec3d9915efd2ca04f00aae2882d4b49960108fba14921db.jpg', 19, '2023-04-05 20:33:13', '2023-04-05 20:33:13'),
(176, 'ff3cf59cf6593a87082e249f651a3cfb172896aef5c0e1d808df9df363ac6724.jpg', 19, '2023-04-05 20:33:13', '2023-04-05 20:33:13'),
(177, 'ffec7375640295a7436ceed59d67d4a4d8682c93177c53541e2f23fa865dfb0f.jpg', 19, '2023-04-05 20:33:13', '2023-04-05 20:33:13'),
(178, '4b10b93cab1f558382c1ff0b21d88ae0703ae2786b33587e4bf1a9231c9cdda7.jpg', 20, '2023-04-05 20:34:29', '2023-04-05 20:34:29'),
(179, '21ebe0882dc7653fea9f7fda614d3c1bd73dcec788a86cb773ea5eaac2c49fc7.jpg', 20, '2023-04-05 20:34:29', '2023-04-05 20:34:29'),
(180, '398c1966c068c285a33ffa0f6d993153c7f5968316151210d1656feeef8ccc24.jpg', 20, '2023-04-05 20:34:29', '2023-04-05 20:34:29'),
(181, '503b2f63d1011b3fe4ccca26551e2e33204258fcd6903135a9924e39b92c3633.jpg', 20, '2023-04-05 20:34:29', '2023-04-05 20:34:29'),
(182, '857c23c81212a97b37c3198512bbde9f73acfaeb7ff2a1477f89b06f7f6727e2.jpg', 20, '2023-04-05 20:34:29', '2023-04-05 20:34:29'),
(183, '870e6e6fdfcdc22928de7aba1cd0b639d1c8388c72078211a0637152e595bbc1.jpg', 20, '2023-04-05 20:34:29', '2023-04-05 20:34:29'),
(184, '06262dcb90c62223eef1a3b7c26d2b68b77a32e09a1e396f10b266fe0e9a6476.jpg', 20, '2023-04-05 20:34:29', '2023-04-05 20:34:29'),
(185, '158114fea9afb055dea35574569adffc2ee8b1fed182b790630f21f8b6610f42.jpg', 20, '2023-04-05 20:34:29', '2023-04-05 20:34:29'),
(186, 'a631a98b313401c8307b41016e1d990efb30ad0af1d75a2476cd9ea929e9a37c.jpg', 20, '2023-04-05 20:34:29', '2023-04-05 20:34:29'),
(187, 'a1591f815520804a621c7bc353b4ae202d49ffceb2c6915986f93b949de9dfd8.jpg', 20, '2023-04-05 20:34:29', '2023-04-05 20:34:29'),
(188, 'ac345642b02f50f491c15e60072887fa3938eb7ddea1340b1dc30e18e65e3290.jpg', 20, '2023-04-05 20:34:29', '2023-04-05 20:34:29'),
(189, 'bd56f51930e0e539d175f92f78c10f2071e8a15559f9e3d8430dfcccc3c93f9b.jpg', 20, '2023-04-05 20:34:29', '2023-04-05 20:34:29'),
(190, 'fde26a7ec3936e7cdcda7937743c1fdebbc5749d63bb84ea39b801534219c0ba.jpg', 20, '2023-04-05 20:34:29', '2023-04-05 20:34:29'),
(191, '6cc568f0980e30c83a9b93ba65736f5239a96447a831ee4b7e592e0ca1a8bac5.jpg', 21, '2023-04-05 20:37:29', '2023-04-05 20:37:29'),
(192, '9d894835cd03493b64ff80d8a8059ca2adc92bd8d3dae2b89338d0e44c2f3dca.jpg', 21, '2023-04-05 20:37:29', '2023-04-05 20:37:29'),
(193, '55f45f2c89af3ecd06cfc21d089db3bd818a79638409f4c4f6be49c91d86f995.jpg', 21, '2023-04-05 20:37:29', '2023-04-05 20:37:29'),
(194, '379e19c833671872890d8461d6e8176c2bb39462106e0070cd1d8b4dadac92e3.jpg', 21, '2023-04-05 20:37:29', '2023-04-05 20:37:29'),
(195, '36589b68829bad0ca3692c015d9cd8c2797e4877c2be9a87dc562ff2e85ce3e0.jpg', 21, '2023-04-05 20:37:29', '2023-04-05 20:37:29'),
(196, '176512b7eba2eb20414c1ec6e771b18457a05bf4e15825950d1117efe55f4df8.jpg', 21, '2023-04-05 20:37:29', '2023-04-05 20:37:29'),
(197, 'ac54f580fceea72645811b80fdba0a8147a50532a7fb96f8d80cc216610788ab.jpg', 21, '2023-04-05 20:37:29', '2023-04-05 20:37:29'),
(198, 'fcb7590961d67f5953865bd23ca9461aadc46302660a5e576020ae05d21f00e5.jpg', 21, '2023-04-05 20:37:29', '2023-04-05 20:37:29'),
(199, '09a2a02d34ad12efe77c9a3f7934dbbf7010c39bc7aab45100f4c931b03dfa8f.jpg', 22, '2023-04-05 20:40:01', '2023-04-05 20:40:01'),
(200, '22d51125a9032abfd4af779e6f1a850604f7e1e9766ae44cf849d5024535b6fe - Copy.jpg', 22, '2023-04-05 20:40:01', '2023-04-05 20:40:01'),
(201, '22d51125a9032abfd4af779e6f1a850604f7e1e9766ae44cf849d5024535b6fe.jpg', 22, '2023-04-05 20:40:01', '2023-04-05 20:40:01'),
(202, '37bcb91668d8dbf2fa3351e4e8f4acca8201e972227bd76cc991ce7844fc9bf2.jpg', 22, '2023-04-05 20:40:01', '2023-04-05 20:40:01'),
(203, '41802fed6422a7921262fb0ece83f8a49cd745303af63c200e216ac73ac6dd53.jpg', 22, '2023-04-05 20:40:01', '2023-04-05 20:40:01'),
(204, '668505a7f73ffbfec742140a73a0050bda810bf99deee7dd268f410115b42dd6.jpg', 22, '2023-04-05 20:40:01', '2023-04-05 20:40:01'),
(205, 'b08e100d1595fb8ed0c747f9bbc15c220ce3c4b6870b02707bb917e9b0897714.jpg', 22, '2023-04-05 20:40:01', '2023-04-05 20:40:01'),
(206, 'c5545108fbc1722559de1019168da51da34e38807daa4872be2c92b913e6c5e1.jpg', 22, '2023-04-05 20:40:01', '2023-04-05 20:40:01'),
(207, 'e5a515d26be024fd8ea76dc0e3b7e26c74bb9aec747e2ed553babfee40b02080.jpg', 22, '2023-04-05 20:40:01', '2023-04-05 20:40:01'),
(208, 'eed6804cea25ded4c09197113ab4cd358006b1f9e777ecd2600bf80edf4e0c88.jpg', 22, '2023-04-05 20:40:01', '2023-04-05 20:40:01'),
(209, 'f8c35c6eff48b60e68a1a1c45410910ed511615373c17d68da534441288b9540.jpg', 22, '2023-04-05 20:40:01', '2023-04-05 20:40:01'),
(210, 'f3089056699ed2b48f37244beff892f78bc3bab6d5a2c0bc6e5fa26024b2e1a2.jpg', 22, '2023-04-05 20:40:01', '2023-04-05 20:40:01'),
(234, '10f9ef56bac8b044e5e7e3c507dacbddbcb41a34a5fbdf07f400af1840283a20.jpg.webp', 25, '2023-05-07 04:06:10', '2023-05-07 04:06:10'),
(235, '59dc13e74b9be20a3cbdac40d03337e0cb30bcf237f92d22b620a39597c7047c.jpg.webp', 25, '2023-05-07 04:06:10', '2023-05-07 04:06:10'),
(236, 'ec2dc2a675e486b0662795c719ee743c198f581470b6f64adee70d3bbad0254a.jpg.webp', 25, '2023-05-07 04:06:10', '2023-05-07 04:06:10'),
(237, '2929106cf5e9b2a9745ce6e16528cd8c7081ac4d6ee46e7620bfc52fa30f7eec.jpg.webp', 25, '2023-05-07 04:06:10', '2023-05-07 04:06:10'),
(238, '1b4dc2bc2bfd0e63c38e7887ff630e9be0f9fafa0d133263d8459be44acf7fca.jpg.webp', 25, '2023-05-07 04:06:10', '2023-05-07 04:06:10'),
(239, '5e3f53450599d0b60a8750931578a75fb7bd5a342951bc40e0f5370149e0e71f.jpg.webp', 25, '2023-05-07 04:06:10', '2023-05-07 04:06:10'),
(240, 'f43b4af4823b6ba73ece62d046cb15a4bc48c8b15a5e94b71f5c67c5c8a7df78.jpg.webp', 25, '2023-05-07 04:06:10', '2023-05-07 04:06:10'),
(241, '928899669468f31e510217da1c75f808abfbf8d9daf2ac135f348e087081f834.jpg.webp', 25, '2023-05-07 04:06:10', '2023-05-07 04:06:10'),
(242, '7ee414fe7c8a9301afbd3d78ac8215fb9be5ddd0f85215fd410959711d9aa463.jpg.webp', 25, '2023-05-07 04:06:10', '2023-05-07 04:06:10'),
(243, '3f8099b002ac7372ca650bb721e4fca7529532175fc36509dfc98e2aff15057e.jpg.webp', 25, '2023-05-07 04:06:10', '2023-05-07 04:06:10'),
(244, 'cef5fa97a127517940e752180195129b8e96a822796ca43124c4c6394573e10f.jpg.webp', 25, '2023-05-07 04:06:10', '2023-05-07 04:06:10'),
(245, '89b13029003ba32b32620b0e88f5a95bf7cccf285cb5e214f805e24641118c2f.jpg.webp', 25, '2023-05-07 04:06:10', '2023-05-07 04:06:10'),
(246, '44d9e22d5193438784b47107c4e54ecccaa93de8253188915c5b3edf10aebca8.jpg', 26, '2023-05-09 04:47:59', '2023-05-09 04:47:59'),
(247, '67eb44f8073143f426e4d565f32d9046f4438804733c67c9161e98f7f4d5c863.jpg', 26, '2023-05-09 04:47:59', '2023-05-09 04:47:59'),
(248, '814ccedd2269a36b71b7b352cdfcbc6d58f88e3c4934f199ba8b45d7d2a78d2c.jpg', 26, '2023-05-09 04:47:59', '2023-05-09 04:47:59'),
(249, 'c79daf9a887964692fa649c745209a5b820c7721b4637bfd674b0ee07b297f22.jpg', 26, '2023-05-09 04:47:59', '2023-05-09 04:47:59');

-- --------------------------------------------------------

--
-- Table structure for table `items`
--

CREATE TABLE `items` (
  `id` bigint(20) UNSIGNED NOT NULL,
  `name` varchar(255) NOT NULL,
  `frequency` varchar(255) NOT NULL,
  `location` varchar(255) NOT NULL,
  `price` int(11) NOT NULL,
  `is_furnished` int(11) NOT NULL,
  `service_id` bigint(20) UNSIGNED NOT NULL,
  `user_id` bigint(20) UNSIGNED NOT NULL,
  `type_id` bigint(20) UNSIGNED NOT NULL,
  `status` varchar(255) NOT NULL,
  `beds` int(11) NOT NULL,
  `baths` int(11) NOT NULL,
  `area` int(11) NOT NULL,
  `house_number` varchar(255) NOT NULL,
  `street_name` varchar(255) NOT NULL,
  `description` longtext NOT NULL,
  `created_at` timestamp NULL DEFAULT NULL,
  `updated_at` timestamp NULL DEFAULT NULL
) ENGINE=InnoDB DEFAULT CHARSET=utf8mb4 COLLATE=utf8mb4_unicode_ci;

--
-- Dumping data for table `items`
--

INSERT INTO `items` (`id`, `name`, `frequency`, `location`, `price`, `is_furnished`, `service_id`, `user_id`, `type_id`, `status`, `beds`, `baths`, `area`, `house_number`, `street_name`, `description`, `created_at`, `updated_at`) VALUES
(3, 'City Stars Hotel', 'Daily', 'وسط السوق', 18, 1, 1, 2, 2, 'Pending', 2, 1, 80, 'أخرى', 'أخرى', 'شقة فندقية مطلة على البحر مكونة من غرفتين نوم (غرفة سرير مزدوج وغرفة 3 اسرة مفرد ) وصالون ومطبخ وحمام سوبر ديلوكس\r\n\r\n*مكيفات طن ونصف 2021\r\n\r\n*مراوح kdk\r\n\r\n*غاز واواني لاعداد الطهو الخفيف\r\n\r\n*ثلاجة ميني وتلفاز مجهزة بالكامل\r\n\r\n*مخدومة بمصعد وانترنت\r\n\r\n* يفصلك عن السوق بضع خطوات وعن الشاطئ 3 دقائق سيرا\r\n\r\n(الشقق مطابقة للصور)', '2023-04-05 19:27:03', '2023-04-05 19:27:03'),
(5, 'المستشار للخدمات العقاريه', 'Monthly', 'السكنية الخامسة', 350, 0, 1, 2, 2, 'Accepted', 4, 3, 130, 'أخرى', 'أخرى', 'شقة فارغه للإيجار في السكنيه الخامسة طابق ثالث مساحة 130 متر تتكون من غرفة ضيوف و 3 نوم ( احدها ماستر ) صالة معيشة مطبخ مفتوح و 3 حمامات و بلكونتين\r\n\r\n- مصعد\r\n\r\n- موقع مميز\r\n\r\n- بالقرب من الخدمات\r\n\r\nالأجرة 350 دينار شهريا عقد سنوي', '2023-04-05 19:34:08', '2023-04-05 19:39:27'),
(7, 'ميامي للشقق الفندقية', 'Daily', 'مقابل شاطئ الميناهاوس', 25, 1, 1, 3, 2, 'Pending', 2, 1, 110, 'أخرى', 'أخرى', '-الشقق تتسع ل 5 اشخاص بالغين وطفلين\r\n\r\nالفرش نظيف ومرتب مطابق للصور تماما\r\n\r\n- مكيفات .\r\n\r\n-مراوح .\r\n\r\n-شاشات كبيرة .\r\n\r\n-ثلاجة كبيرة .\r\n\r\n-سخان مي .\r\n\r\n-غاز طبخ .\r\n\r\n-خزانة ملابس ، مراية ، طاولة طعام\r\n\r\n- واي فاي سريع واصل لجميع الغرف .\r\n\r\n-اطلاله بحريه', '2023-04-05 19:42:59', '2023-04-05 19:42:59'),
(8, 'Aqaba city', 'Daily', 'المحدود الوسط', 15, 1, 1, 4, 2, 'Accepted', 1, 1, 70, 'أخرى', 'أخرى', 'شقق مفروشه سوبر ديلوكس للايجار اليومي والاسبوعي العقبة غرفتين نوم وصاله ومطبخ وحمام وبرندا مكيفه وبجانب الخدمات والمواصلات المحدود شارع الوسط\r\n\r\nتبعد عن الشاطئ 5 دقائق بالسياره\r\nالعقبة المحدود شارع الوسط\r\n\r\nخصم خاص للفترات اسبوع واكثر\r\n\r\nلا نؤجر الشقق لغايات مخالفه للدين\r\n\r\nلا نؤجر اصحاب السوابق', '2023-04-05 19:55:53', '2023-05-07 04:08:55'),
(9, 'أحمد زيتون', 'Daily', 'السكنية الثامنة', 76000, 0, 2, 4, 2, 'Accepted', 3, 3, 180, 'أخرى', 'شارع الكويت', 'شقق طابق روف سوبر ديلوكس للبيع العقبة -المنطقة السكنية الثامنة - شارع الكويت\r\n\r\nمساحة الشقق 150 م2 + تراس مسقوف قرميد مرخص مساحته 30 م2 بسعر (76 الف)\r\n\r\nمكوّن من :\r\n\r\n-3 غرف نوم واحدة منها ماستر\r\n\r\n-3 حمامات\r\n\r\n-غرفة خادمة\r\n\r\n-صالة طعام\r\n\r\n-غرفة معيشة\r\n\r\n-مطبخ و تراس قرميد\r\n\r\n*مواصفات البناء:\r\n\r\n-تقع على شارع أمامي وشارع خلفي\r\n\r\n-حجر رويشد و عجلون\r\n\r\n-بورسلان 60*60 و 120*60\r\n\r\n-زجاج دبل جلاس مقطع عريض\r\n\r\n-أباجورات كهرباء\r\n\r\n-تأسيس مواسير نحاس للمكيفات\r\n\r\n-الأبواب الرئيسية أبواب أمان والداخلية أبواب تركية\r\n\r\n- انتركم شاشة golmar الايطالي\r\n\r\n-لوحات الكهرباء 3 فاز نوع ABB\r\n\r\n-تمديدات المياه أكوابكس جاكوميني ألماني\r\n\r\n-الحمامات أطقم معلقة جروهي ، والبطاريات فيوري الإيطالي\r\n\r\n-مدخل العمارة باب سيكوريت مع خاصية الدخول بكرت أو إدخال الرقم السري\r\n\r\n- مصعد إيطالي', '2023-04-05 19:57:55', '2023-05-07 03:30:30'),
(10, 'فندق زيتون', 'Monthly', 'السكنية السادسة', 250, 1, 1, 4, 2, 'Accepted', 2, 2, 68, 'أخرى', 'أخرى', 'شقق مفروشه للايجار في العقبه يومي اسبوعي شهري', '2023-04-05 20:00:38', '2023-05-07 04:09:02'),
(11, 'ابو شهم ( محمد فحماوي )', 'Monthly', 'السكنية الخامسة', 325, 1, 1, 2, 2, 'Accepted', 3, 2, 120, 'أخرى', 'أخرى', 'وصف المنزل :\r\nالشقة 3 غرف نوم و تتسع ل 6 اشخاص كبار ( تخت عريض + 4 تخوت كل واحد عرض 120 سم ) و صالون و حمامين و مطبخ مجهز بغسالة فل اتوماتيك و غاز و ثلاجة و نت فايبر\r\nتبعد عن شاطىء الغندور دقيقة و نصف بالسيارة ( 1.6 كم ) ... الشقة بالمنطقةالسكنية الخامسة أرقى احياء العقبة على الاطلاق ( عبدون العقبة ) و الشقة لا تقارن بالشقق الشعبية و الاحياء الشعبية بالعقبة \r\nتبعد عن سوق الخدمات بالخامسة 150 متر فقط لا غير (صيدلية . ملحمة . مطاعم فول و زرب و مشاوى و شاورما . بقالات . مخبز طابون بانواعه .محل خضار . محل دجاج )', '2023-04-05 20:03:31', '2023-05-07 04:09:00'),
(12, 'Bashar Nawafleh', 'Daily', 'السكنية الخامسة', 127000, 1, 2, 2, 2, 'Accepted', 3, 3, 180, 'أخرى', 'أخرى', 'شقه مفروشه مسطحها 180 متر\r\n\r\nللبيع بسعر مغري جدا\r\n\r\nمنطقه الخامسه', '2023-04-05 20:10:49', '2023-05-07 04:08:48'),
(13, 'Jehad Khraisat', 'Monthly', 'السكنية الثالثة', 160, 1, 1, 5, 2, 'Accepted', 1, 1, 30, 'أخرى', 'أخرى', 'عباره عن غرفة نوم فيها حمام ومطبخ وبرنده لها إطلاله بحريه تقع العماره على شارع رئيسي وقريبه من الخدمات', '2023-04-05 20:16:48', '2023-05-07 04:08:57'),
(14, 'DMT للاسكان', 'Monthly', 'السكنية الخامسة', 420, 1, 1, 5, 2, 'Accepted', 2, 2, 140, 'أخرى', 'أخرى', 'رووف مفروش في الخامسه للايجار ( عائلات او شركات فقط).\r\n\r\nالرووف غرفتان نوم، صاله و معيشه، مطبخ خشب بلوط امريكي، حمام عدد 2 ترس واسع و اطلاله جميله على البحر و جبال فلسطين.', '2023-04-05 20:21:20', '2023-04-05 20:40:59'),
(15, 'النقيطي للاسكان', 'Monthly', 'المحدود', 250, 1, 1, 5, 2, 'Accepted', 2, 1, 70, 'أخرى', 'شارع الوسط', 'شقة مفروشة للايجار طابق ثاني في العقبة مكونة من غرفتين نوم وصالة ومطبخ وحمام في منطقة المحدود الاوسط قريبة جدا من الخدمات والمواصلات', '2023-04-05 20:23:10', '2023-04-05 20:40:55'),
(18, 'DMT للاسكان', 'Monthly', 'السكنية الخامسة', 300, 1, 1, 6, 2, 'Accepted', 1, 1, 50, 'أخرى', 'أخرى', 'ستديو مفروش للإيجار في السكنية الخامسةغرفة نوم غرفة معيشة حمام مطبخ بلكونه\r\n\r\n- عفش جديد\r\n\r\n- موقع مميز\r\n\r\n- أبواب امان\r\n\r\n- مكيفات انفيرتر\r\n\r\n- لم تسكن\r\n\r\n- مصعد\r\n\r\n- كراج\r\n\r\nالأجرة 300 دينار شهريا عقد اقلها 6 شهور', '2023-04-05 20:30:18', '2023-04-05 20:40:53'),
(19, 'DMT للاسكان', 'Daily', 'السكنية الثامنة', 93000, 0, 2, 7, 2, 'Accepted', 3, 3, 145, 'أخرى', 'أخرى', 'شقة ارضية ( 146 متر )\r\n\r\n( موقع مميز (شارع عريض ) ، تشطيب خاص ، مساحات كبيرة ، مصعد راكب ، اطلالة بحرية رائعة من الروف .... )\r\n\r\nشقة ارضية للبيع ( باقي الشقة الجنوبية ) ، 3 نوم ( 1 ماستر ) ، معيشة واسعة ، مطبخ واسع ، غرفة ضيوف كبيرة ، 3 حمامات ، ترسات امامية واسعة ، كراجات مع ارتداد جانبي كامل ، تشطيب خاص ، موقع مميز في الثامنة ، المساحة ( 146 متر ) تقسيمة رائعة لا يوجد مساحات ضائعة ، السعر 93 الف دينار ( الاسعار نهائية )\r\nملاحظة : باقي في العمارة ارضي وروف فقط ( روف 62.5 الف )', '2023-04-05 20:33:13', '2023-04-05 20:40:41'),
(20, 'حمادة الصوير', 'Daily', 'السكنية التاسعة', 53000, 1, 2, 7, 2, 'Pending', 3, 3, 120, 'أخرى', 'أخرى', 'طابق ارضي للبيع في السكنيه التاسعة أهالي شارع عريض مقابل خدمات مساحه 114 متر + 120 تراسات السعر 53 الف', '2023-04-05 20:34:29', '2023-04-05 20:34:29'),
(21, 'الذنبيات للاسكان', 'Daily', 'السكنية التاسعة', 55000, 1, 2, 8, 2, 'Pending', 3, 3, 142, 'أخرى', 'أخرى', 'شقه للبيع طابق ارضي على شارعين تاسعه جمعيات وجهتين حجر شمالي غربي مساحه 142 متر', '2023-04-05 20:37:29', '2023-04-05 20:37:29'),
(22, 'عبد المجيد أكرم', 'Daily', 'السكنية العاشرة', 140000, 1, 2, 2, 1, 'Accepted', 3, 3, 412, 'أخرى', 'مقابل مدرسة البنات', 'بيت مستقل للبيع ، واجهتين حجر ، سطح مبلط، تسوية و غرفة غسيل ، عداد كهرباء 3 ڤاز ، كراج مع بلكونتين مع حديقة ، المنطقة السكنية العاشرة مقابل مدرسة البنات ، جاهز للسكن و يمكن البناء فوقه , مساحة البناء 185 و مساحة الارض 412', '2023-04-05 20:40:01', '2023-04-05 20:40:39'),
(25, 'شقه مميزه للبيع في الخامسة طــــابــــق ثالث موقع مميز مساحه داخلية 178 م', 'Weekly', 'السكنية الخامسة', 88000, 0, 2, 2, 2, 'Accepted', 4, 3, 178, 'أخرى', 'أخرى', 'شقه مميزه للبيع في الخامسة طــــابــــق ثالث موقع مميز مساحه داخلية 178 متر تتكون من غرفة ضيوف + حمام ضيوف + صالة معيشه + مطبخ + 3 نوم ( ا ماستر ) + حمام ثالث يخدم البيت\r\n\r\n- موقع ممـــــــيز\r\n\r\n- مصعـــــــــــــــد\r\n\r\n- اطقم حمامات فاخره\r\n\r\n- ارضيات سيراميك\r\n\r\n- اباجورات كهربائيه\r\n\r\n- ديكورات جمسمبورد لكامل الشقه\r\n\r\n- زجاج عازل للحراره وكاتم للصوت\r\n\r\n- نقاط كهرباء متعدده\r\n\r\nالسعــــــــــــــر 88,000 دينار شامل التنازل ( كاش او معاملة بنك )', '2023-05-07 04:06:10', '2023-05-07 04:08:46'),
(26, 'Test Test', 'Monthly', 'Test - Test', 99999, 0, 1, 2, 2, 'Accepted', 2, 2, 222, '12', 'Jihad Al-Absi St', 'Teeeeeeeeeeeeeeeeeeeeeeeest', '2023-05-09 04:47:59', '2023-05-09 04:50:43');

-- --------------------------------------------------------

--
-- Table structure for table `migrations`
--

CREATE TABLE `migrations` (
  `id` int(10) UNSIGNED NOT NULL,
  `migration` varchar(255) NOT NULL,
  `batch` int(11) NOT NULL
) ENGINE=InnoDB DEFAULT CHARSET=utf8mb4 COLLATE=utf8mb4_unicode_ci;

--
-- Dumping data for table `migrations`
--

INSERT INTO `migrations` (`id`, `migration`, `batch`) VALUES
(1, '2014_10_12_000000_create_users_table', 1),
(2, '2014_10_12_100000_create_password_resets_table', 1),
(3, '2019_08_19_000000_create_failed_jobs_table', 1),
(4, '2019_12_14_000001_create_personal_access_tokens_table', 1),
(5, '2023_02_14_230502_create_services_table', 1),
(6, '2023_02_14_230600_create_types_table', 1),
(7, '2023_02_14_230636_create_contacts_table', 1),
(8, '2023_02_14_230699_create_items_table', 1),
(9, '2023_02_14_230779_create_reviews_table', 1),
(10, '2023_02_14_232153_create_images_table', 1),
(11, '2023_02_19_171645_create_favorites_table', 1);

-- --------------------------------------------------------

--
-- Table structure for table `password_resets`
--

CREATE TABLE `password_resets` (
  `email` varchar(255) NOT NULL,
  `token` varchar(255) NOT NULL,
  `created_at` timestamp NULL DEFAULT NULL
) ENGINE=InnoDB DEFAULT CHARSET=utf8mb4 COLLATE=utf8mb4_unicode_ci;

-- --------------------------------------------------------

--
-- Table structure for table `personal_access_tokens`
--

CREATE TABLE `personal_access_tokens` (
  `id` bigint(20) UNSIGNED NOT NULL,
  `tokenable_type` varchar(255) NOT NULL,
  `tokenable_id` bigint(20) UNSIGNED NOT NULL,
  `name` varchar(255) NOT NULL,
  `token` varchar(64) NOT NULL,
  `abilities` text DEFAULT NULL,
  `last_used_at` timestamp NULL DEFAULT NULL,
  `expires_at` timestamp NULL DEFAULT NULL,
  `created_at` timestamp NULL DEFAULT NULL,
  `updated_at` timestamp NULL DEFAULT NULL
) ENGINE=InnoDB DEFAULT CHARSET=utf8mb4 COLLATE=utf8mb4_unicode_ci;

-- --------------------------------------------------------

--
-- Table structure for table `reviews`
--

CREATE TABLE `reviews` (
  `id` bigint(20) UNSIGNED NOT NULL,
  `comment` varchar(255) NOT NULL,
  `date` date NOT NULL,
  `user_id` bigint(20) UNSIGNED NOT NULL,
  `item_id` bigint(20) UNSIGNED NOT NULL,
  `created_at` timestamp NULL DEFAULT NULL,
  `updated_at` timestamp NULL DEFAULT NULL
) ENGINE=InnoDB DEFAULT CHARSET=utf8mb4 COLLATE=utf8mb4_unicode_ci;

-- --------------------------------------------------------

--
-- Table structure for table `services`
--

CREATE TABLE `services` (
  `id` bigint(20) UNSIGNED NOT NULL,
  `name` varchar(255) NOT NULL,
  `created_at` timestamp NULL DEFAULT NULL,
  `updated_at` timestamp NULL DEFAULT NULL
) ENGINE=InnoDB DEFAULT CHARSET=utf8mb4 COLLATE=utf8mb4_unicode_ci;

--
-- Dumping data for table `services`
--

INSERT INTO `services` (`id`, `name`, `created_at`, `updated_at`) VALUES
(1, 'Rent', NULL, NULL),
(2, 'Sell', NULL, NULL);

-- --------------------------------------------------------

--
-- Table structure for table `types`
--

CREATE TABLE `types` (
  `id` bigint(20) UNSIGNED NOT NULL,
  `name` varchar(255) NOT NULL,
  `created_at` timestamp NULL DEFAULT NULL,
  `updated_at` timestamp NULL DEFAULT NULL
) ENGINE=InnoDB DEFAULT CHARSET=utf8mb4 COLLATE=utf8mb4_unicode_ci;

--
-- Dumping data for table `types`
--

INSERT INTO `types` (`id`, `name`, `created_at`, `updated_at`) VALUES
(1, 'House', NULL, NULL),
(2, 'Apartment', NULL, NULL);

-- --------------------------------------------------------

--
-- Table structure for table `users`
--

CREATE TABLE `users` (
  `id` bigint(20) UNSIGNED NOT NULL,
  `name` varchar(255) NOT NULL,
  `email` varchar(255) NOT NULL,
  `email_verified_at` timestamp NULL DEFAULT NULL,
  `password` varchar(255) NOT NULL,
  `is_admin` int(11) NOT NULL DEFAULT 0,
  `image` varchar(255) DEFAULT 'blank-profile-picture-973460__340.webp',
  `mobile` int(11) DEFAULT NULL,
  `remember_token` varchar(100) DEFAULT NULL,
  `created_at` timestamp NULL DEFAULT NULL,
  `updated_at` timestamp NULL DEFAULT NULL
) ENGINE=InnoDB DEFAULT CHARSET=utf8mb4 COLLATE=utf8mb4_unicode_ci;

--
-- Dumping data for table `users`
--

INSERT INTO `users` (`id`, `name`, `email`, `email_verified_at`, `password`, `is_admin`, `image`, `mobile`, `remember_token`, `created_at`, `updated_at`) VALUES
(1, 'Admin', 'admin@gmail.com', NULL, '$2y$10$OIqKTai4BuTzLE4t.N.iWeGDpn1adfzL9ysUxMjvAu24eXqCJRef.', 1, 'formalPIC.png', NULL, NULL, '2023-04-05 19:06:52', '2023-05-02 14:22:20'),
(2, 'ADBELMAJIED ABU SULIMAN', 'abdelmajied_a@yahoo.com', NULL, '$2y$10$bXWKk0KxucQj0XPUEZEGVuLQKP//NfUdctvyYhQ9TxxCuyswFJ7Gu', 0, 'formalPIC.png', 778079497, NULL, '2023-04-05 19:21:29', '2023-04-05 19:21:44'),
(3, 'Asem Yasseen', 'asem@yahoo.com', NULL, '$2y$10$KAVhlbUV3TkQghFFESW7OelE79Zn234VMXtTVhs1RDi2OQ2y/J.Se', 0, 'WhatsApp Image 2023-03-08 at 11.20.28 PM.jpeg', 778079491, NULL, '2023-04-05 19:36:02', '2023-04-05 19:36:36'),
(4, 'Ahmad Zaytoun', 'ahmad@yahoo.com', NULL, '$2y$10$jGQsYpK8VCDSLZG5dq96ouoWhgjXAbmwssvDbF2viXw4PipA87uy.', 0, '319752383_2565420050266226_614616876065633346_n.jpg', 778079495, NULL, '2023-04-05 19:52:04', '2023-04-05 19:54:40'),
(5, 'Talab Yasseen', 'talab@yahoo.com', NULL, '$2y$10$Fvue3x.lWZwsGY.SNbca3eZxpsmIWGyCM.xUGzQcRGJKigslk4Ww.', 0, '56106016_386422511953554_1266640861236559872_n.jpg', 778079501, NULL, '2023-04-05 20:13:07', '2023-04-05 20:13:46'),
(6, 'Mohammad Al-Nuqity', 'mohammad@gmail.com', NULL, '$2y$10$35fOddM7XdIoEYRuamGcruviL76X0/Hqh6shyNtwSguwUAS7B2gy.', 0, '160674464_296450098764566_6569804375250015773_n.jpg', 778096898, NULL, '2023-04-05 20:25:04', '2023-04-05 20:25:46'),
(7, 'Amro Shandaq', 'amro@yahoo.com', NULL, '$2y$10$ZfuUrzwWPcZXXlYKLF9GB.zk8Qu82CosmJh5ZktjynQtpKHJQOTfS', 0, '231990748_1311815862573930_4693585718609289304_n.jpg', 778096913, NULL, '2023-04-05 20:31:21', '2023-04-05 20:31:55'),
(8, 'Obaida Al-Thunibat', 'obaida@yahoo.com', NULL, '$2y$10$4/0YWZ4ZIGEiKFPmtTru0uI1HBlFQ9GJ4Yx3m779QoVlFLsZRg4HG', 0, '1678128962349.jpg', 778079530, NULL, '2023-04-05 20:35:33', '2023-04-05 20:35:47'),
(11, 'Test Test', 'test@test.test', NULL, '$2y$10$84bPIY7XnbHS91XsBXEL6.mtbLLLYC8tyC4YYd0isHqrGKtDg/Nka', 1, 'blank-profile-picture-973460__340.webp', NULL, NULL, '2023-05-09 04:57:42', '2023-05-09 04:57:42');

--
-- Indexes for dumped tables
--

--
-- Indexes for table `contacts`
--
ALTER TABLE `contacts`
  ADD PRIMARY KEY (`id`);

--
-- Indexes for table `failed_jobs`
--
ALTER TABLE `failed_jobs`
  ADD PRIMARY KEY (`id`),
  ADD UNIQUE KEY `failed_jobs_uuid_unique` (`uuid`);

--
-- Indexes for table `favorites`
--
ALTER TABLE `favorites`
  ADD PRIMARY KEY (`id`),
  ADD KEY `favorites_user_id_foreign` (`user_id`),
  ADD KEY `favorites_item_id_foreign` (`item_id`);

--
-- Indexes for table `images`
--
ALTER TABLE `images`
  ADD PRIMARY KEY (`id`),
  ADD KEY `images_item_id_foreign` (`item_id`);

--
-- Indexes for table `items`
--
ALTER TABLE `items`
  ADD PRIMARY KEY (`id`),
  ADD KEY `items_service_id_foreign` (`service_id`),
  ADD KEY `items_user_id_foreign` (`user_id`),
  ADD KEY `items_type_id_foreign` (`type_id`);

--
-- Indexes for table `migrations`
--
ALTER TABLE `migrations`
  ADD PRIMARY KEY (`id`);

--
-- Indexes for table `password_resets`
--
ALTER TABLE `password_resets`
  ADD PRIMARY KEY (`email`);

--
-- Indexes for table `personal_access_tokens`
--
ALTER TABLE `personal_access_tokens`
  ADD PRIMARY KEY (`id`),
  ADD UNIQUE KEY `personal_access_tokens_token_unique` (`token`),
  ADD KEY `personal_access_tokens_tokenable_type_tokenable_id_index` (`tokenable_type`,`tokenable_id`);

--
-- Indexes for table `reviews`
--
ALTER TABLE `reviews`
  ADD PRIMARY KEY (`id`),
  ADD KEY `reviews_user_id_foreign` (`user_id`),
  ADD KEY `reviews_item_id_foreign` (`item_id`);

--
-- Indexes for table `services`
--
ALTER TABLE `services`
  ADD PRIMARY KEY (`id`);

--
-- Indexes for table `types`
--
ALTER TABLE `types`
  ADD PRIMARY KEY (`id`);

--
-- Indexes for table `users`
--
ALTER TABLE `users`
  ADD PRIMARY KEY (`id`),
  ADD UNIQUE KEY `users_email_unique` (`email`);

--
-- AUTO_INCREMENT for dumped tables
--

--
-- AUTO_INCREMENT for table `contacts`
--
ALTER TABLE `contacts`
  MODIFY `id` bigint(20) UNSIGNED NOT NULL AUTO_INCREMENT, AUTO_INCREMENT=8;

--
-- AUTO_INCREMENT for table `failed_jobs`
--
ALTER TABLE `failed_jobs`
  MODIFY `id` bigint(20) UNSIGNED NOT NULL AUTO_INCREMENT;

--
-- AUTO_INCREMENT for table `favorites`
--
ALTER TABLE `favorites`
  MODIFY `id` bigint(20) UNSIGNED NOT NULL AUTO_INCREMENT;

--
-- AUTO_INCREMENT for table `images`
--
ALTER TABLE `images`
  MODIFY `id` bigint(20) UNSIGNED NOT NULL AUTO_INCREMENT, AUTO_INCREMENT=250;

--
-- AUTO_INCREMENT for table `items`
--
ALTER TABLE `items`
  MODIFY `id` bigint(20) UNSIGNED NOT NULL AUTO_INCREMENT, AUTO_INCREMENT=27;

--
-- AUTO_INCREMENT for table `migrations`
--
ALTER TABLE `migrations`
  MODIFY `id` int(10) UNSIGNED NOT NULL AUTO_INCREMENT, AUTO_INCREMENT=12;

--
-- AUTO_INCREMENT for table `personal_access_tokens`
--
ALTER TABLE `personal_access_tokens`
  MODIFY `id` bigint(20) UNSIGNED NOT NULL AUTO_INCREMENT;

--
-- AUTO_INCREMENT for table `reviews`
--
ALTER TABLE `reviews`
  MODIFY `id` bigint(20) UNSIGNED NOT NULL AUTO_INCREMENT;

--
-- AUTO_INCREMENT for table `services`
--
ALTER TABLE `services`
  MODIFY `id` bigint(20) UNSIGNED NOT NULL AUTO_INCREMENT, AUTO_INCREMENT=3;

--
-- AUTO_INCREMENT for table `types`
--
ALTER TABLE `types`
  MODIFY `id` bigint(20) UNSIGNED NOT NULL AUTO_INCREMENT, AUTO_INCREMENT=3;

--
-- AUTO_INCREMENT for table `users`
--
ALTER TABLE `users`
  MODIFY `id` bigint(20) UNSIGNED NOT NULL AUTO_INCREMENT, AUTO_INCREMENT=12;

--
-- Constraints for dumped tables
--

--
-- Constraints for table `favorites`
--
ALTER TABLE `favorites`
  ADD CONSTRAINT `favorites_item_id_foreign` FOREIGN KEY (`item_id`) REFERENCES `items` (`id`) ON DELETE CASCADE,
  ADD CONSTRAINT `favorites_user_id_foreign` FOREIGN KEY (`user_id`) REFERENCES `users` (`id`) ON DELETE CASCADE;

--
-- Constraints for table `images`
--
ALTER TABLE `images`
  ADD CONSTRAINT `images_item_id_foreign` FOREIGN KEY (`item_id`) REFERENCES `items` (`id`) ON DELETE CASCADE;

--
-- Constraints for table `items`
--
ALTER TABLE `items`
  ADD CONSTRAINT `items_service_id_foreign` FOREIGN KEY (`service_id`) REFERENCES `services` (`id`) ON DELETE CASCADE,
  ADD CONSTRAINT `items_type_id_foreign` FOREIGN KEY (`type_id`) REFERENCES `types` (`id`) ON DELETE CASCADE,
  ADD CONSTRAINT `items_user_id_foreign` FOREIGN KEY (`user_id`) REFERENCES `users` (`id`) ON DELETE CASCADE;

--
-- Constraints for table `reviews`
--
ALTER TABLE `reviews`
  ADD CONSTRAINT `reviews_item_id_foreign` FOREIGN KEY (`item_id`) REFERENCES `items` (`id`) ON DELETE CASCADE,
  ADD CONSTRAINT `reviews_user_id_foreign` FOREIGN KEY (`user_id`) REFERENCES `users` (`id`) ON DELETE CASCADE;
COMMIT;

/*!40101 SET CHARACTER_SET_CLIENT=@OLD_CHARACTER_SET_CLIENT */;
/*!40101 SET CHARACTER_SET_RESULTS=@OLD_CHARACTER_SET_RESULTS */;
/*!40101 SET COLLATION_CONNECTION=@OLD_COLLATION_CONNECTION */;
